sword,Sword_ThornwoodDirk,Sword_SapwoodFalchion,Sword_BramblecutSabre,Sword_RangersLongblade,Sword_HeartwoodBroadsword,Sword_BriarBillhook,Sword_HedgehogHooksword,Sword_HollowboughClaymore,Sword_HoneycombThorn,Boss_Gorgon,Boss_FrostRevenant,Boss_InfernalColossus,Boss_VoidWraith,Boss_CelestialTitan,RootWarden,DrownedBellwarden,TempestWarden,SwordMeshTemplate
Sword_ThornwoodDirk,,0.537,0.63,0.612,0.409,0.528,0.628,0.439,0.58,0.531,0.49,0.52,0.496,0.471,0.51,0.495,0.546,0.594
Sword_SapwoodFalchion,0.537,,0.628,0.643,0.617,0.543,0.741,0.665,0.677,0.669,0.649,0.709,0.638,0.688,0.694,0.692,0.73,0.639
Sword_BramblecutSabre,0.63,0.628,,0.669,0.597,0.589,0.759,0.638,0.697,0.704,0.691,0.696,0.695,0.641,0.674,0.709,0.701,0.716
Sword_RangersLongblade,0.612,0.643,0.669,,0.514,0.67,0.792,0.578,0.708,0.621,0.573,0.64,0.576,0.619,0.646,0.617,0.648,0.705
Sword_HeartwoodBroadsword,0.409,0.617,0.597,0.514,,0.458,0.621,0.683,0.618,0.701,0.714,0.778,0.675,0.749,0.733,0.716,0.712,0.524
Sword_BriarBillhook,0.528,0.543,0.589,0.67,0.458,,0.641,0.49,0.598,0.592,0.516,0.555,0.546,0.505,0.532,0.547,0.576,0.612
Sword_HedgehogHooksword,0.628,0.741,0.759,0.792,0.621,0.641,,0.707,0.779,0.731,0.691,0.767,0.701,0.727,0.783,0.748,0.766,0.763
Sword_HollowboughClaymore,0.439,0.665,0.638,0.578,0.683,0.49,0.707,,0.675,0.683,0.652,0.751,0.671,0.68,0.706,0.715,0.696,0.594
Sword_HoneycombThorn,0.58,0.677,0.697,0.708,0.618,0.598,0.779,0.675,,0.676,0.63,0.708,0.649,0.675,0.701,0.651,0.712,0.652
